Type,Predicted,Predicted (Normalized),Actual
Bug,284,213.0877627,77
Dark,66,49.52039555,46
Dragon,22,16.50679852,45
Electric,1,0.750309023,48
Fairy,9,6.752781211,47
Fighting,74,55.52286774,54
Fire,244,183.0754017,64
Flying,75,56.27317676,98
Ghost,16,12.00494438,43
Grass,102,76.5315204,97
Ground,198,148.5611867,64
Ice,1,0.750309023,34
Normal,309,231.8454883,109
Poison,0,0,66
Psychic,16,12.00494438,82
Rock,0,0,60
Steel,33,24.76019778,49
Water,168,126.0519159,131
